{
    "template-version": "2.0",
    "source-locations": [
        {
            "source-id": "s3-source",
            "source-type": "s3",
            "properties": {
                "s3-bucket": "<s3-bucket-name>",
                "s3-key-prefix": "carddemo"
            }
        }
    ],
    "definition" : {
        "listeners": [{
            "port": 7000,
            "type": "tn3270"
        }],
        "dataset-location": {
            "db-locations": [{
                "name": "db1",
                "secret-manager-arn": "arn:aws:secretsmanager:us-east-1:111111111111:secret:M2DatabaseSecret-9v34mlBERnZ2-kxirv2"
            }]
        },
        "batch-settings": {
            "initiators": [{
                "classes": ["A","B","C","D","E","F","G","H","I","J","K","L","M","N","O","P","Q","R","S","T","U","V","W","X","Y","Z","0","1","2","3","4","5","6","7","8","9"],
                "description": "initiators 1...."
            },
            {
                "classes": ["A","B","C","D","E","F","G","H","I","J","K","L","M","N","O","P","Q","R","S","T","U","V","W","X","Y","Z","0","1","2","3","4","5","6","7","8","9"],
                "description": "initiators 2...."
            },
            {
                "classes": ["A","B","C","D","E","F","G","H","I","J","K","L","M","N","O","P","Q","R","S","T","U","V","W","X","Y","Z","0","1","2","3","4","5","6","7","8","9"],
                "description": "initiators 3...."
            },
            {
                "classes": ["A","B","C","D","E","F","G","H","I","J","K","L","M","N","O","P","Q","R","S","T","U","V","W","X","Y","Z","0","1","2","3","4","5","6","7","8","9"],
                "description": "initiators 4...."
            },
            {
                "classes": ["A","B","C","D","E","F","G","H","I","J","K","L","M","N","O","P","Q","R","S","T","U","V","W","X","Y","Z","0","1","2","3","4","5","6","7","8","9"],
                "description": "initiators 5...."
            }],
            "jcl-file-location": "${s3-source}/catalog/jcl"
        },
        "cics-settings": {
            "binary-file-location": "${s3-source}/loadlib",
            "csd-file-location": "${s3-source}/rdef",
            "system-initialization-table": "CARDSIT"
        },
        "xa-resources" : [{
            "name": "XASQL",
            "secret-manager-arn": "arn:aws:secretsmanager:us-east-1:111111111111:secret:M2DatabaseSecret-9v34mlBERnZ2-kxirv2",
            "module": "${s3-source}/xa/ESPGSQLXA64.so"
        }]
    }
}
