type,dataset,dataset type,record format,record size,file location,creation date,expiration date,active generations,rld file location,dsorg type,
nonvsam,SYS1.LINKLIB,DIR,,0,$JOBLIB,2024.128,,,,DIR,
nonvsam,AWS.M2.CARDDEMO.ACCTDATA.PS,FS,line,300,$SEQFILES/AWS.M2.CARDDEMO.ACCTDATA.PS,2024.086,,,,SEQ,
nonvsam,AWS.M2.CARDDEMO.CARDDATA.PS,FS,line,150,$SEQFILES/AWS.M2.CARDDEMO.CARDDATA.PS,2024.086,,,,SEQ,
nonvsam,AWS.M2.CARDDEMO.CARDXREF.PS,FS,line,50,$SEQFILES/AWS.M2.CARDDEMO.CARDXREF.PS,2024.086,,,,SEQ,
nonvsam,AWS.M2.CARDDEMO.CUSTDATA.PS,FS,line,500,$SEQFILES/AWS.M2.CARDDEMO.CUSTDATA.PS,2024.086,,,,SEQ,
nonvsam,AWS.M2.CARDDEMO.DALYTRAN.PS.INIT,FS,line,350,$SEQFILES/AWS.M2.CARDDEMO.DALYTRAN.PS.INIT,2024.086,,,,SEQ,
nonvsam,AWS.M2.CARDDEMO.DISCGRP.PS,FS,line,50,$SEQFILES/AWS.M2.CARDDEMO.DISCGRP.PS,2024.086,,,,SEQ,
nonvsam,AWS.M2.CARDDEMO.TCATBALF.PS,FS,line,50,$SEQFILES/AWS.M2.CARDDEMO.TCATBALF.PS,2024.086,,,,SEQ,
nonvsam,AWS.M2.CARDDEMO.TRANCATG.PS,FS,line,60,$SEQFILES/AWS.M2.CARDDEMO.TRANCATG.PS,2024.086,,,,SEQ,
nonvsam,AWS.M2.CARDDEMO.TRANTYPE.PS,FS,line,60,$SEQFILES/AWS.M2.CARDDEMO.TRANTYPE.PS,2024.086,,,,SEQ,
nonvsam,AWS.M2.CARDDEMO.JCL,FS,line,80,$SEQFILES/AWS.M2.CARDDEMO.JCL,2024.086,,,,SEQ,
nonvsam,AWS.M2.CARDDEMO.PROC,FS,line,80,$SEQFILES/AWS.M2.CARDDEMO.PROC,2024.086,,,,SEQ,
nonvsam,AWS.M2.CARDDEMO.CBL,FS,line,80,$SEQFILES/AWS.M2.CARDDEMO.CBL,2024.086,,,,SEQ,
nonvsam,AWS.M2.CARDDEMO.CPY,FS,line,80,$SEQFILES/AWS.M2.CARDDEMO.CPY,2024.086,,,,SEQ,
nonvsam,AWS.M2.CARDDEMO.BMS,FS,line,80,$SEQFILES/AWS.M2.CARDDEMO.BMS,2024.086,,,,SEQ,
nonvsam,AWS.M2.CARDDEMO.CNTL,DIR,line,80,$PARMFILES/AWS.M2.CARDDEMO.CNTL,2024.086,,,,DIR,
nonvsam,AWS.M2.CARDDEMO.USRSEC.PS,FS,record,80,$SEQFILES/AWS.M2.CARDDEMO.USRSEC.PS,2024.087,,,,SEQ,
nonvsam,AWS.M2.CARDDEMO.LOADLIB,DIR,,0,$SEQFILES/AWS.M2.CARDDEMO.LOADLIB,2024.093,,,,DIR,
nonvsam,AWS.M2.CARDDEMO.DALYTRAN.PS,FS,record,350,$SEQFILES/AWS.M2.CARDDEMO.DALYTRAN.PS,2024.093,,,,SEQ,
nonvsam,AWS.M2.CARDDEMO.TRXFL.SEQ,FS,record,350,$SEQFILES/AWS.M2.CARDDEMO.TRXFL.SEQ,2024.130,,,,SEQ,
