type,dataset,limit,empty attribute,scratch attribute,directory pathname,creation date,last alter date,
gdg_base,AWS.M2.CARDDEMO.TRANSACT.BKUP,5,NOEMPTY,SCRATCH,$SEQFILES,2024.086,2024.133,
gdg_base,AWS.M2.CARDDEMO.TRANSACT.DALY,5,NOEMPTY,SCRATCH,$SEQFILES,2024.086,2024.130,
gdg_base,AWS.M2.CARDDEMO.TRANREPT,5,NOEMPTY,SCRATCH,$SEQFILES,2024.086,2024.130,
gdg_base,AWS.M2.CARDDEMO.TCATBALF.BKUP,5,NOEMPTY,SCRATCH,$SEQFILES,2024.086,2024.086,
gdg_base,AWS.M2.CARDDEMO.SYSTRAN,5,NOEMPTY,SCRATCH,$SEQFILES,2024.086,2024.086,
gdg_base,AWS.M2.CARDDEMO.TRANSACT.COMBINED,5,NOEMPTY,SCRATCH,$SEQFILES,2024.086,2024.086,
gdg_base,AWS.M2.CARDDEMO.DALYREJS,5,NOEMPTY,SCRATCH,$SEQFILES,2024.090,2024.130,
