type,dataset,fct name,dataset type,creation date,rld file location,record format,record size,dsorg type,
cluster,AWS.M2.CARDDEMO.USRSEC.VSAM.KSDS,USRSEC,VS,2024.087,,record,80,KSDS,
cluster,AWS.M2.CARDDEMO.ACCTDATA.VSAM.KSDS,ACCTDAT,VS,2024.089,,record,300,KSDS,
cluster,AWS.M2.CARDDEMO.CARDDATA.VSAM.KSDS,CARDDAT,VS,2024.089,,record,150,KSDS,
cluster,AWS.M2.CARDDEMO.CUSTDATA.VSAM.KSDS,CUSTDAT,VS,2024.089,,record,500,KSDS,
cluster,AWS.M2.CARDDEMO.DISCGRP.VSAM.KSDS,DISCGRP,VS,2024.090,,record,50,KSDS,
cluster,AWS.M2.CARDDEMO.CARDXREF.VSAM.KSDS,CCXREF,VS,2024.090,,record,50,KSDS,
cluster,AWS.M2.CARDDEMO.TRANCATG.VSAM.KSDS,TRANCATG,VS,2024.093,,record,60,KSDS,
cluster,AWS.M2.CARDDEMO.TRANTYPE.VSAM.KSDS,TRANTYPE,VS,2024.093,,record,60,KSDS,
cluster,AWS.M2.CARDDEMO.TRANSACT.VSAM.KSDS,TRANSACT,VS,2024.093,,record,350,KSDS,
cluster,AWS.M2.CARDDEMO.TCATBALF.VSAM.KSDS,TCATBALF,VS,2024.093,,record,50,KSDS,
cluster,AWS.M2.CARDDEMO.TRXFL.VSAM.KSDS,TRXFL,VS,2024.130,,record,80,KSDS,
